,skill,count
0,management,1032
1,software,839
2,sql,797
3,communication,704
4,analytics,614
5,big data,512
6,database,483
7,machine learning,423
8,data science,385
9,data analysis,343
11,python,307
12,interpersonal skills,305
13,documentation,296
14,cloud,294
18,office,259
20,risk,252
21,troubleshooting,252
22,organization,246
23,tableau,244
24,data engineering,243
25,integration,243
28,leadership,227
29,excel,225
30,processing,224
32,chemistry,214
33,writing,210
34,clinical research,209
35,data quality,208
37,regulations,203
38,data infrastructure,202
40,modeling,188
41,microsoft,186
44,analytical skills,175
45,written communication,173
46,sql server,171
47,communications,169
54,strategy,156
55,collaboration,154
56,problem solving,154
57,manufacturing,149
59,pipelines,145
61,assessment,143
62,data warehousing,140
66,data modeling,136
70,developers,132
71,ad-hoc,131
73,data processing,129
74,visualization,129
75,data systems,127
76,enterprise data,126
77,computer engineering,125
78,data integrity,125
79,architecture,123
82,instrumentation,117
83,data solutions,117
84,algorithms,116
85,business requirements,114
87,security,112
88,raw materials,112
90,calibration,111
91,digital,110
92,multiple projects simultaneously,110
93,management skills,110
94,reporting tool,110
95,agile methodologies,109
96,proof,109
97,pharmaceutical industry,109
98,resolve,108
99,etl,107
100,sap hana,107
101,web,106
102,automotive,104
103,data analytics,104
104,proof of concept,104
105,record,103
106,olap,103
107,key systems,103
108,high proficiency,103
109,handle multiple projects,103
110,assessment tools,102
111,software development,102
112,data visualization,102
113,design principles,102
114,premises,101
115,netsuite,101
116,analytical chemistry,101
117,contract manufacturing,101
118,quality by design,100
119,pandas,100
120,process flow,100
121,efficacy,100
122,dissolution,100
123,intelligence,99
124,concrete,97
125,plus,95
126,emotional intelligence,95
127,deep learning,94
128,data collection,92
129,insurance,92
130,travel,91
131,access,90
132,materials,90
133,metrics,87
134,time management,85
135,contribute,84
136,aws,81
137,public,80
138,management system,79
139,datasets,78
140,business intelligence,77
141,work effectively,77
142,deliverables,76
143,business process,76
144,automation,73
145,healthcare,73
146,scripting,73
147,protocol,72
148,records,72
149,microsoft office,72
150,computing,70
151,data warehouse,70
152,data mining,69
153,events,68
154,optimization,68
155,presentations,67
156,statistics,67
159,specifications,65
160,sap,64
161,clinical trials,64
162,clear,63
163,pressure,63
164,customer service,63
166,regulatory requirements,60
167,information technology,60
168,interpret,59
169,data models,59
170,mining,59
172,information systems,58
174,basic,58
175,pension,57
176,java,56
179,vendors,55
181,presentation skills,54
182,power bi,53
184,r,52
185,coaching,52
186,reviews,52
192,administrative,50
193,directives,50
195,conducting,49
196,data structures,49
197,powerpoint,49
198,clinical research experience,49
199,staff training,49
201,informed consent,48
203,process improvement projects,47
205,english,47
206,finance,47
208,vital signs,45
209,data governance,45
210,multitasking,45
212,query resolution,45
213,blood collection,44
214,bioequivalence,44
215,spark,44
216,business case,43
217,retail,43
218,mentoring,42
219,strategic initiatives,42
220,change management,41
221,performing,41
222,sas,40
223,analytical solutions,40
224,oracle,39
225,fundamentals,39
226,system performance,39
227,capital,38
228,government,38
229,information management,38
230,scientists,38
235,data architecture,37
237,critical thinking,37
238,artificial intelligence,36
239,adobe,36
240,secondary education,36
244,learning techniques,35
245,market research,35
246,customer experience,35
247,ownership,35
248,word,35
250,natural language,34
251,vision care,34
252,dental care,34
253,mathematics,33
254,pipeline,33
255,wellness,33
256,framework,33
257,energy,33
258,financial services,33
259,azure,32
260,hadoop,32
261,designation,32
262,mobile,32
263,participation,32
265,data flow,31
266,relational databases,31
267,system i,30
268,agile environment,30
269,life insurance,30
270,supply,30
272,natural language processing,29
273,engagements,29
275,structured data,29
276,language processing,29
277,professional development,29
278,linux,29
279,investment,29
280,nosql,28
281,database design,28
284,oral communication,28
285,life science,28
286,french,28
287,adherence,27
288,conflict,27
289,experimental design,27
290,membership,27
291,test cases,27
295,windows,26
296,storage,26
297,unstructured data,26
298,c++,25
299,devops,25
300,clinical data,25
301,accountability,25
302,developments,25
303,forecasting,25
304,compensation,25
305,reliability,24
306,technology solutions,24
307,scrum,24
310,hive,24
312,transformation,24
313,workflow,24
314,adoption,24
315,api,24
316,matching,24
317,a/b testing,24
318,actuarial science,24
319,computer vision,23
320,readiness,23
321,google cloud,23
322,articulate,23
323,information security,23
324,capture,23
325,prototype,23
327,oversight,22
329,stack,22
330,business value,22
331,business strategy,22
332,data migration,22
333,git,22
334,liaison,22
335,survey,22
336,unit testing,22
337,supply chain,22
338,dashboard,21
339,scheduling,21
340,user experience,21
341,ecosystem,21
342,google analytics,21
343,business acumen,21
344,cleansing,21
345,saas,21
346,business analysis,21
347,stakeholder management,21
348,microsoft excel,21
349,performance tuning,21
350,master data,21
351,financial analysis,21
352,elements,21
353,schedules,20
354,investigation,20
355,experience design,20
356,operating systems,20
357,teamwork,20
358,lunch,20
359,web services,20
360,apache,20
361,command,20
362,product management,20
363,business units,20
364,project managers,20
365,collaborative work,20
366,project teams,20
367,tuning,20
368,workshops,20
369,customer data,20
370,docker,20
371,high quality standards,20
372,email,20
373,suppliers,19
374,workplace,19
375,health sciences,19
376,trials,19
377,stock option,19
378,space,19
379,intermediate,19
380,social media,19
381,sharepoint,19
382,crm,19
383,conflict resolution,19
384,project plans,19
385,prevention,18
386,javascript,18
387,addition,18
388,devices,18
389,teaching,18
390,interpreting,18
391,construction,18
392,data services,18
393,offers,18
394,competitive insight,18
395,google cloud platform,18
396,nlp,18
397,water,18
398,version control,18
399,shape,18
400,prime,18
401,decision-making,17
402,award,17
403,estimates,17
404,organization skills,17
405,matrix,17
406,family,17
407,productivity,17
408,business opportunities,17
409,capital markets,17
410,cash,17
411,indicators,17
412,professional associations,17
413,stem,17
414,checks,17
415,context,17
416,c#,17
417,functionality,17
418,amazon,17
419,foundation,17
420,design specifications,16
421,disability insurance,16
422,des,16
423,health & safety,16
424,credit risk,16
425,scripting languages,16
426,sustainability,16
427,cloud computing,16
428,customer satisfaction,16
429,store,16
430,ship management,16
431,running,16
432,salesforce,16
433,ibm,16
434,disaster recovery,16
435,publishing,16
436,underwriting,16
437,negotiation,16
438,testing process,16
439,cisco,16
440,continuous integration,16
441,debugging,16
442,quality improvement,16
443,metadata,16
444,connect,16
445,ip management,16
446,packaging,16
447,creativity,16
448,embedded,16
449,budgeting,16
450,thought leadership,16
451,deviations,16
452,live,16
453,procurement,15
454,hana,15
455,iso,15
456,video,15
457,savings,15
458,credit rating,15
459,internet,15
460,cdm,15
461,literature,15
462,map,15
463,web development,15
464,speech,15
465,demand,15
466,algorithm design,15
467,research projects,15
468,ping,15
469,scalability,15
470,artifacts,15
471,mental health,15
472,data review,15
473,group processes,15
474,content management,15
475,technical documentation,15
476,service delivery,15
477,database systems,15
478,open source,15
479,test data,15
480,search,14
481,statistical modeling,14
482,summaries,14
483,onboarding,14
484,gmp,14
485,editing,14
486,configuration management,14
487,readiness assessments,14
488,management software,14
489,partnerships,14
490,screening,14
491,technical reports,14
492,predictive modeling,14
493,large volume,14
494,sponsorship,14
495,social sciences,14
496,bonuses,14
497,games,14
498,customer requirements,14
499,sustainment,14
500,development tools,14
501,risk assessment,14
502,modifications,13
503,professional services,13
504,database administration,13
505,valuation,13
506,output,13
507,data center,13
508,draw,13
509,kafka,13
510,root cause analysis,13
511,trading,13
512,financial data,13
513,relationship building,13
514,financial goals,13
515,ecommerce,13
516,ip,13
517,escalation,13
518,technical design,13
519,data validation,13
520,confidentiality,13
521,neural networks,13
522,transportation,13
523,discovery process,13
524,technical requirements,13
525,return on investment,13
526,facilitation,13
527,interfaces,13
528,edge,13
529,subject matter experts,13
530,legislation,13
531,code review,13
532,utilities,13
533,funding,13
534,utilization,13
535,c,13
536,shipping,13
537,pivot tables,13
538,eligibility,13
539,ethics,13
540,economics,13
541,customer service skills,13
542,css,13
543,business analytics,12
544,support documentation,12
545,process control,12
546,database development,12
547,campaigns,12
548,six sigma,12
549,stored procedures,12
550,design thinking,12
551,sdtm,12
552,kubernetes,12
553,grasp,12
554,dynamics,12
555,publications,12
556,translation,12
557,cash flow,12
558,shell scripting,12
559,pattern,12
560,crisis,12
561,design documents,12
562,operational improvement,12
563,calculations,12
564,operational efficiency,12
565,kpi,12
566,technical proficiency,12
567,microsoft sql server,12
568,schema,12
569,public health,12
570,empower,12
571,coffee,12
572,fitness,12
573,key performance indicators,12
574,synthesis,12
575,postgresql,12
576,ideal,12
577,steps,12
578,product information management,12
579,emerging technologies,12
580,technical leadership,11
581,corrective actions,11
582,itil,11
583,jira,11
584,finish,11
585,payments,11
586,clinical data management,11
587,defined benefit,11
588,reach,11
589,segmentation,11
590,rights,11
591,microsoft word,11
592,thinking skills,11
593,it operations,11
594,particular,11
595,functional requirements,11
596,operational risk,11
597,predictive analytics,11
598,resume,11
599,fostering,11
600,solver,11
601,asset management,11
602,sampling,11
603,fundraising,11
604,distributed systems,11
605,wealth,11
606,performance metrics,11
607,regulatory compliance,11
608,client services,11
609,wealth management,11
610,report writing,11
611,performance management,11
612,perl,11
613,scala,11
614,data manipulation,11
615,model development,11
616,app,11
617,internal audit,11
618,process design,11
619,quality system,11
620,interview,11
621,user training,10
622,external clients,10
623,method development,10
624,implementation experience,10
625,training programs,10
626,cloud services,10
627,training material,10
628,studio,10
629,real-time data,10
630,consultation,10
631,pay,10
632,knowledge base,10
633,reinforcement learning,10
634,trend analysis,10
635,physics,10
636,liability,10
637,software systems,10
638,microsoft azure,10
639,marketing materials,10
640,hiring,10
641,data extraction,10
642,characterization,10
643,evolution,10
644,spring,10
645,data products,10
646,codes,10
647,financial reporting,10
648,bash,10
649,design patterns,10
650,informatics,10
651,gap,10
652,quantitative research,10
653,mysql,10
654,instructions,10
655,data security,10
656,web technologies,10
657,accessibility,10
658,virtualization,10
659,web applications,10
660,patient care,10
661,benchmarking,10
662,suggestions,10
663,union,10
664,analytical models,9
665,market data,9
666,word processing,9
667,fit,9
668,start to finish,9
669,outings,9
670,acting,9
671,case management,9
672,android,9
673,adobe analytics,9
674,office application,9
675,project delivery,9
676,reinforcement,9
677,medicine,9
678,html,9
679,financial modeling,9
680,visio,9
681,oncology,9
682,continuing education,9
683,project documentation,9
684,massive,9
685,work instructions,9
686,service orientation,9
687,business rules,9
688,process automation,9
689,business continuity,9
690,project charter,9
691,urgency,9
692,agents,9
693,outlook,9
694,primary care,9
695,medical terminology,9
696,time series analysis,9
697,milestones,9
698,ux,9
699,business insights,9
700,wireless,9
701,foosball,9
702,filing,9
703,procedural,9
704,business applications,9
705,briefing,9
706,people management,9
707,data wrangling,9
708,data transformation,9
709,statistical programming,9
710,architects,9
711,yoga,9
712,on site,9
713,new development,9
714,oracle database,9
715,software implementation,9
716,telecommunications,9
717,project work,9
718,new concepts,9
719,drug development,9
720,learning and development,9
721,service levels,9
722,,9
723,customer engagement,9
724,it infrastructure,9
725,environmental science,9
726,spa,9
727,amazon web services,9
728,business solution,9
729,tax,9
730,service providers,9
731,therapeutic areas,9
732,collaborative environment,9
733,method transfer,9
734,transactional,8
735,new opportunities,8
736,business intelligence tools,8
737,provision,8
738,scheme,8
739,intrusion detection,8
740,stewardship,8
741,sas programming,8
742,statistical packages,8
743,probability,8
744,usability,8
745,seo,8
746,sample preparation,8
747,applied mathematics,8
748,functional specifications,8
749,au,8
750,offshore,8
751,triage,8
752,lake,8
753,user stories,8
754,continuous delivery,8
755,test scripts,8
756,microsoft c,8
757,payroll,8
758,user requirements,8
759,classic,8
760,institutional,8
761,ad tech,8
762,transparency,8
763,system requirements,8
764,business systems,8
765,notes,8
766,defined contribution,8
767,visualization software,8
768,due diligence,8
769,fast turnaround,8
770,hands-on technical,8
771,development projects,8
772,auditing,8
773,mission critical,8
774,product launch,8
775,client presentation,8
776,firmware,8
777,committees,8
778,servicenow,8
779,production systems,8
780,peoplesoft,8
781,mrm,8
782,road,8
783,ease,8
784,foundations,8
785,data standards,8
786,professional network,8
787,purchasing,8
788,performance improvement,8
789,investment banking,8
790,sample prep,8
791,windows server,8
792,architecting,8
793,it development,8
794,information science,8
795,commitments,8
796,product knowledge,8
797,promotional,7
798,purification,7
799,conferences,7
800,reference data,7
801,mastery,7
802,print,7
803,coding standards,7
804,workplace culture,7
805,design research,7
806,mail,7
807,client requirements,7
808,adjustments,7
809,data cleaning,7
810,discretion,7
811,programmers,7
812,order management,7
813,content management systems,7
814,security controls,7
815,software solutions,7
816,routing,7
817,craft,7
818,model design,7
819,figures,7
820,lamp,7
821,regression testing,7
822,landscape,7
823,operational support,7
824,spring mvc,7
825,deliveries,7
826,flow analysis,7
827,discount,7
828,ops,7
829,unix,7
830,record of success,7
831,node.js,7
832,biology,7
833,site visits,7
834,visual studio,7
835,kt,7
836,public sector,7
837,dm,7
838,food safety,7
839,recruiting,7
840,servers,7
841,executive team,7
842,statistical software,7
843,compilation,7
844,digital product development,7
845,business transactions,7
846,draft,7
847,high pressure,7
848,rdbms,7
849,scikit-learn,7
850,tissue,7
851,change requests,7
852,records management,7
853,team building,7
854,microservices,7
855,digital marketing,7
856,reagents,7
857,multivariate testing,7
858,ifrs,7
859,active directory,7
860,business writing,7
861,product quality,7
862,software requirements,7
863,project planning,7
864,laboratory equipment,7
865,action oriented,7
866,performance monitor,7
867,barriers,7
868,professional manner,7
869,organ,6
870,computer literacy,6
871,strategic planning,6
872,pick,6
873,political science,6
874,viability,6
875,surveillance,6
876,network performance,6
877,waiting,6
878,less,6
879,high availability,6
880,health informatics,6
881,happy hour,6
882,molecular,6
883,food science,6
884,performance reporting,6
885,signal,6
886,golf,6
887,market structure,6
888,speech recognition,6
889,end user training,6
890,development programs,6
891,launches,6
892,cs,6
893,technology trends,6
894,registration,6
895,strategic business,6
896,fire protection,6
897,web analytics,6
898,fire safety,6
899,biochemistry,6
900,diagnose,6
901,diplomacy,6
902,campus,6
903,dimensional modeling,6
904,connectivity,6
905,extracurricular activities,6
906,business knowledge,6
907,medical records,6
908,vendor management,6
909,consideration,6
910,financial institutions,6
911,storytelling,6
912,gamification,6
913,json,6
914,pre-sales,6
915,sentiment analysis,6
916,history,6
917,contractors,6
918,physical security,6
919,key metrics,6
920,software design,6
921,donors,6
922,xml,6
923,data verification,6
924,perspectives,6
925,recommender systems,6
926,conductivity,6
927,requirements gathering,6
928,adverse events,6
929,led,6
930,national retail,6
931,case analysis,6
932,iso 14001,6
933,glassware,6
934,design review,6
935,children,6
936,waste,6
937,remediation,6
938,classification,6
939,performance measurement,6
940,bridge,6
941,document management,6
942,build tools,6
943,mechanisms,6
944,surface,6
945,exploratory data analysis,6
946,business logic,6
947,collection systems,6
948,software architecture,6
949,crisis intervention,6
950,angular,6
951,capacity planning,6
952,floors,6
953,creative suite,6
954,fit analysis,6
955,constructive feedback,6
956,xactly,6
957,test design,6
958,user groups,6
959,health services research,6
960,patios,6
961,functional testing,6
962,prioritize workload,6
963,internal customers,6
964,application testing,6
965,enterprise business,6
966,data acquisition,6
967,adobe creative suite,6
968,middleware,6
969,er issues,6
970,turn,6
971,manuals,6
972,listings,6
973,epic,6
974,iterative,6
975,suspension,6
976,program management,6
977,pdf,6
978,o&m,6
979,real estate,6
980,process management,6
981,start-up environment,6
982,c programming,6
983,instrumental,6
984,pv,6
985,digital media,5
986,performance analysis,5
987,bayesian,5
988,interpersonal communication,5
989,technologists,5
990,attribution,5
991,data studio,5
992,manufacturing processes,5
993,building models,5
994,it service,5
995,software testing,5
996,p&c,5
997,table tennis,5
998,lcl,5
999,creative problem solving,5
1000,architectural patterns,5
1001,mac,5
1002,suitability,5
1003,system development,5
1004,numbers,5
1005,art,5
1006,cisco telepresence,5
1007,star,5
1008,external agencies,5
1009,signal processing,5
1010,strategic thinking,5
1011,work processes,5
1012,graph databases,5
1013,model validation,5
1014,operational risk management,5
1015,human rights,5
1016,cluster,5
1017,expenses,5
1018,spss,5
1019,airflow,5
1020,quantitative analytics,5
1021,contingency,5
1022,market risk,5
1023,information risk,5
1024,tactics,5
1025,signing,5
1026,convenience,5
1027,dissemination,5
1028,financial statement analysis,5
1029,harm reduction,5
1030,graphics,5
1031,software development life cycle (sdlc),5
1032,broadband,5
1033,clinical operations,5
1034,sports,5
1035,drawing,5
1036,network security,5
1037,closure,5
1038,stress test,5
1039,personal communication,5
1040,marketing automation,5
1041,acceptance testing,5
1042,flex,5
1043,vmware,5
1044,spaces,5
1045,hub,5
1046,hazardous materials,5
1047,telepresence,5
1048,operational excellence,5
1049,stress testing,5
1050,lean six sigma,5
1051,commissioning,5
1052,agility,5
1053,secondary research,5
1054,public transport,5
1055,linkedin,5
1056,workday,5
1057,computer graphics,5
1058,product design,5
1059,etl tools,5
1060,data profiling,5
1061,production pipeline,5
1062,terminology,5
1063,network architecture,5
1064,decision trees,5
1065,messaging,5
1066,learning environment,5
1067,s3,5
1068,value-added,5
1069,spectrum,5
1070,metrics reporting,5
1071,scenario,5
1072,image pro,5
1073,microstrategy,5
1074,new features,5
1075,resource allocation,5
1076,donor engagement,5
1077,sponsorship marketing,5
1078,disabilities,5
1079,house design,5
1080,schemas,5
1081,risk management framework,5
1082,icp-ms,5
1083,data mapping,5
1084,diagrams,5
1085,global teams,5
1086,pricing analysis,5
1087,happiness,5
1088,apache spark,5
1089,data conversion,5
1090,international travel,5
1091,apps,5
1092,resource management,5
1093,financial statements,5
1094,cash flow analysis,5
1095,beer,5
1096,medical devices,5
1097,network technology,5
1098,support groups,5
1099,formulation,5
1100,bioinformatics,5
1101,kyc,5
1102,technical standards,5
1103,consolidation,5
1104,ms project,5
1105,credentials,5
1106,assembly,5
1107,database integrity,5
1108,bug tracking,5
1109,integrated media,5
1110,replication,5
1111,object-oriented programming,5
1112,meditech,5
1113,philanthropy,5
1114,talent management,5
1115,photoshop,5
1116,accounts payable,5
1117,personal care,5
1118,health & wellness,5
1119,cytometry,5
1120,customer base,5
1121,business planning,5
1122,development planning,5
1123,product requirements,5
1124,lists,5
1125,statistical tools,5
1126,contractual,5
1127,productization,5
1128,automation tools,5
1129,resolving issues,5
1130,cognos,5
1131,pmp,5
1132,hyperion,5
1133,kanban,5
1134,new business opportunities,5
1135,workflow management,5
1136,chinese,5
1137,referrals,5
1138,showcase,5
1139,listen,5
1140,autism,5
1141,statement analysis,5
1142,pl/sql,5
1143,probability theory,5
1144,prototyping,5
1145,master data management,5
1146,soft skills,5
1147,data preparation,5
1148,jenkins,5
1149,vector,5
1150,visual inspection,5
1151,oos,5
1152,intellectual,5
1153,steering,5
1154,psychology,5
1155,batch records,5
1156,rolling,5
1157,production implementation,5
1158,career development,5
1159,project implementation,5
1160,express,5
1161,mandarin,5
1162,control design,5
1163,statistical data analysis,4
1164,adobe photoshop,4
1165,rfx,4
1166,donations,4
1167,financial markets,4
1168,business operations,4
1169,orchestration,4
1170,infection,4
1171,settlement,4
1172,loyalty marketing,4
1173,editing software,4
1174,service design,4
1175,technology management,4
1176,analysis services,4
1177,story,4
1178,in-depth analysis,4
1179,natural health,4
1180,builders,4
1181,embraces change,4
1182,persuasion,4
1183,online platforms,4
1184,virtual environment,4
1185,project cost,4
1186,crystal,4
1187,network function virtualization,4
1188,personalization,4
1189,reporting requirements,4
1190,business case development,4
1191,variety of audiences,4
1192,cadence,4
1193,sql server integration services,4
1194,database queries,4
1195,teradata,4
1196,elasticsearch,4
1197,healthcare industry,4
1198,cooperation,4
1199,politics,4
1200,ip networking,4
1201,sourcing,4
1202,team leadership,4
1203,test strategy,4
1204,build strong relationships,4
1205,community health,4
1206,document review,4
1207,conventions,4
1208,decision support,4
1209,large projects,4
1210,retirement savings,4
1211,merchant accounts,4
1212,prospect,4
1213,banners,4
1214,prescription,4
1215,requirements analysis,4
1216,approvals,4
1217,business information,4
1218,bioplastics,4
1219,bias for action,4
1220,business decision making,4
1221,quantitative data,4
1222,microbiology,4
1223,information architecture,4
1224,reference architecture,4
1225,system administration,4
1226,core data,4
1227,enterprise software,4
1228,follow directions,4
1229,natural health products,4
1230,performance appraisal,4
1231,enterprise architecture,4
1232,ci,4
1233,graph theory,4
1234,sr&ed,4
1235,organizational structure,4
1236,flexible schedule,4
1237,auto insurance,4
1238,on deadline,4
1239,migrating,4
1240,statistical reporting,4
1241,cooperative,4
1242,matlab,4
1243,international retail,4
1244,corrections,4
1245,his,4
1246,home decor,4
1247,academic background,4
1248,non-functional requirements,4
1249,spelling,4
1250,sales performance,4
1251,test procedures,4
1252,google suite,4
1253,microsoft products,4
1254,birth,4
1255,desserts,4
1256,soccer,4
1257,visual communication,4
1258,anomaly detection,4
1259,relevance,4
1260,sheets,4
1261,human computer interaction,4
1262,income protection,4
1263,preventive maintenance,4
1264,product adoption,4
1265,chemical engineering,4
1266,compensation and benefits,4
1267,risk analytics,4
1268,accounts receivable,4
1269,business technology,4
1270,lessons,4
1271,data marts,4
1272,ratings,4
1273,intellectually curious,4
1274,facebook,4
1275,robotic design,4
1276,application architecture,4
1277,containerization,4
1278,investments,4
1279,health insurance,4
1280,maps,4
1281,proposal writing,4
1282,student information system,4
1283,interventions,4
1284,security policy,4
1285,superior organization,4
1286,decks,4
1287,chemical testing,4
1288,multi-platform,4
1289,testing practices,4
1290,platform development,4
1291,solar,4
1292,telephony,4
1293,government officials,4
1294,service development,4
1295,disk,4
1296,corporate finance,4
1297,enterprise network,4
1298,actuaries,4
1299,affiliates,4
1300,field work,4
1301,access control,4
1302,business skills,4
1303,collateral,4
1304,microsoft powerpoint,4
1305,dictionaries,4
1306,building design,4
1307,project coordination,4
1308,finance and accounting,4
1309,new relic,4
1310,growth initiatives,4
1311,occupational health,4
1312,surface water,4
1313,emerging trends,4
1314,rehabilitation,4
1315,pattern recognition,4
1316,systems analysis,4
1317,disposal,4
1318,employee engagement,4
1319,layout,4
1320,health promotion,4
1321,unsupervised learning,4
1322,calculus,4
1323,executive management,4
1324,problem management,4
1325,natural sciences,4
1326,analytical support,4
1327,time constraints,4
1328,automated processes,4
1329,production experience,4
1330,measurements,4
1331,backup and recovery,4
1332,structural,4
1333,marketing strategy,4
1334,b2b,4
1335,prompt,4
1336,building automation,4
1337,clarity,4
1338,mitigation,4
1339,data feeds,4
1340,synthesizing,4
1341,qlik,4
1342,literature reviews,4
1343,flow cytometry,4
1344,cassandra,4
1345,e-commerce,4
1346,technical training,4
1347,working with children,4
1348,typing,4
1349,image processing,4
1350,information retrieval,4
1351,resolutions,4
1352,a+,4
1353,ticketing,4
1354,white papers,4
1355,rollout,4
1356,tier 2,4
1357,paperwork,4
1358,netezza,4
1359,gnu,4
1360,step,4
1361,timing,4
1362,data monitoring,4
1363,regulatory affairs,4
1364,gis,4
1365,group work,4
1366,mongodb,4
1367,solar pv,4
1368,marketing mix,4
1369,transformational,4
1370,fruit,4
1371,file management,4
1372,physical sciences,4
1373,confirmation,4
1374,interpreting data,4
1375,architectural design,4
1376,robotics,4
1377,c-level,4
1378,profitable growth,4
1379,telecom,4
1380,code of conduct,4
1381,multiple disciplines,4
1382,next gen,4
1383,revisions,4
1384,vehicle dynamics,4
1385,cell culture,4
1386,agenda,4
1387,service catalog,4
1388,payment gateways,4
1389,forefront,4
1390,demand planning,4
1391,business ethics,4
1392,playbook,3
1393,soap,3
1394,numpy,3
1395,prediction,3
1396,talend,3
1397,bus,3
1398,posture,3
1399,streams,3
1400,rabbitmq,3
1401,biotechnology,3
1402,refactoring,3
1403,mediums,3
1404,ios,3
1405,sdk,3
1406,progression,3
1407,geochemistry,3
1408,firewalls,3
1409,role model,3
1410,system architecture,3
1411,port development,3
1412,breakdown,3
1413,passport,3
1414,circuits,3
1415,switching,3
1416,tga,3
1417,xp,3
1418,transformations,3
1419,feeds,3
1420,motion,3
1421,mapreduce,3
1422,ruby,3
1423,tibco,3
1424,mvc,3
1425,client-focused,3
1426,warranty,3
1427,responsiveness,3
1428,ae,3
1429,entrepreneurs,3
1430,bitbucket,3
1431,independence,3
1432,snowflake,3
1433,polymer,3
1434,bilingualism,3
1435,fortinet,3
1436,qualtrics,3
1437,chart,3
1438,incorporation,3
1439,phlebotomy,3
1440,shares,3
1441,maintainability,3
1442,event-driven,3
1443,web intelligence,3
1444,operational systems,3
1445,customer journeys,3
1446,copy editing,3
1447,web-based systems,3
1448,biomedical sciences,3
1449,manage client expectations,3
1450,server management,3
1451,operating models,3
1452,performance dashboards,3
1453,pharmaceutical sciences,3
1454,user acceptance testing,3
1455,work orders,3
1456,electronic data capture (edc),3
1457,plain language,3
1458,coding practices,3
1459,academic research,3
1460,cloud applications,3
1461,graphic design,3
1462,unreal,3
1463,merge,3
1464,scorecard,3
1465,campaign execution,3
1466,corporate communications,3
1467,supplier audits,3
1468,business initiatives,3
1469,polymer science,3
1470,alternative solutions,3
1471,object oriented design,3
1472,algorithm development,3
1473,sensitive information,3
1474,design web,3
1475,dns server,3
1476,customer insight,3
1477,travel arrangements,3
1478,collaboration tools,3
1479,information governance,3
1480,project leadership,3
1481,clinical workflow,3
1482,human factors,3
1483,data transfer,3
1484,journal entries,3
1485,workflow management systems,3
1486,data reconciliation,3
1487,data domain,3
1488,typescript,3
1489,profiles,3
1490,cafeteria,3
1491,cas,3
1492,incentives,3
1493,isolation,3
1494,acceleration,3
1495,boundaries,3
1496,requisitions,3
1497,microscopy,3
1498,aerospace,3
1499,guides,3
1500,elicitation,3
1501,plm,3
1502,validity,3
1503,nurses,3
1504,cardiology,3
1505,enquiries,3
1506,literacy,3
1507,photography,3
1508,acute,3
1509,authorization,3
1510,spreadsheets,3
1511,newsletters,3
1512,articles,3
1513,kantar,3
1514,wsib,3
1515,pages,3
1516,dutch,3
1517,customer marketing,3
1518,normalization,3
1519,returns,3
1520,statistical concepts,3
1521,scratch,3
1522,washing,3
1523,discrimination,3
1524,openness,3
1525,dynamics crm,3
1526,german,3
1527,general lab,3
1528,traceability,3
1529,social responsibility,3
1530,gxp,3
1531,peripherals,3
1532,stream processing,3
1533,russian,3
1534,upstream,3
1535,data aggregation,3
1536,polish,3
1537,enablement,3
1538,php,3
1539,pharmacovigilance,3
1540,fraud detection,3
1541,showers,3
1542,themes,3
1543,merchandising,3
1544,affinity,3
1545,looker,3
1546,uv,3
1547,subsidies,3
1548,collating,3
1549,rx,3
1550,formulas,3
1551,ngs,3
1552,permissions,3
1553,psp,3
1554,dos,3
1555,cards,3
1556,github,3
1557,salesforce.com,3
1558,deals,3
1559,money,3
1560,micropipette,3
1561,connections,3
1562,fintech,3
1563,manuscript,3
1564,provisioning,3
1565,superintendents,3
1566,biostatistics,3
1567,probe,3
1568,apparel,3
1569,exceptions,3
1570,linkage,3
1571,cpg,3
1572,tso,3
1573,keras,3
1574,eclipse,3
1575,cad,3
1576,sequencing,3
1577,forwards,3
1578,comp,3
1579,icp-oes,3
1580,adjudication,3
1581,window,3
1582,slack,3
1583,mechanics,3
1584,cart,3
1585,weather,3
1586,tone,3
1587,forming,3
1588,network hardware,3
1589,credit analysis,3
1590,drive change,3
1591,contract management,3
1592,optimization algorithms,3
1593,media preparation,3
1594,media prep,3
1595,industry research,3
1596,g suite,3
1597,outcome focused,3
1598,continuous process improvement,3
1599,continuous process,3
1600,human capital,3
1601,text mining,3
1602,small group,3
1603,documentation practices,3
1604,logical approach,3
1605,income tax,3
1606,building science,3
1607,energy management,3
1608,changing environments,3
1609,it management,3
1610,distributed applications,3
1611,file systems,3
1612,software build,3
1613,health care professionals,3
1614,solution architecture,3
1615,coding experience,3
1616,corporate health,3
1617,economic capital,3
1618,program evaluation,3
1619,lean management,3
1620,personal health,3
1621,change orders,3
1622,public speaking,3
1623,manual testing,3
1624,executive leadership,3
1625,career opportunities,3
1626,regulatory agencies,3
1627,active learning,3
1628,live production,3
1629,cloud storage,3
1630,survey research,3
1631,ad hoc reporting,3
1632,builds relationships,3
1633,common sense,3
1634,hypothesis testing,3
1635,health assessment,3
1636,open data,3
1637,needs analysis,3
1638,slide decks,3
1639,ar system,3
1640,logistic regression,3
1641,identifying trends,3
1642,technical systems,3
1643,project risk,3
1644,engineering leadership,3
1645,architecture frameworks,3
1646,board development,3
1647,medical imaging,3
1648,complex systems,3
1649,following up,3
1650,road maps,3
1651,optimization techniques,3
1652,application infrastructure,3
1653,office 365,3
1654,marketing science,3
1655,regulatory submissions,3
1656,technology leadership,3
1657,digital learning,3
1658,scientific computing,3
1659,rf design,3
1660,service operation,3
1661,load balancing,3
1662,storage systems,3
1663,it service management,3
1664,systems design,3
1665,high level of accuracy,3
1666,bayesian methods,3
1667,test development,3
1668,modelling tools,3
1669,ux design,3
1670,usability testing,3
1671,marketing analytics,3
1672,business process management,3
1673,strategic vision,3
1674,user research,3
1675,conflict management,3
1676,clinical development,3
1677,sales strategy,3
1678,management consulting,3
1679,background checks,3
1680,adult education,3
1681,natural language understanding,3
1682,build automation,3
1683,account reconciliation,3
1684,performance reviews,3
1685,information delivery,3
1686,construction management,3
1687,enterprise integration,3
1688,demand generation,3
1689,digital strategy,3
1690,integer programming,3
1691,environmental engineering,3
1692,sales acumen,3
1693,technology platforms,3
1694,testing tools,3
1695,research ethics,3
1696,test automation,3
1697,safety regulations,3
1698,internal controls,3
1699,sql tools,3
1700,cost reduction,3
1701,oracle database administration,3
1702,office administration,3
1703,professional communication,3
1704,organic chemistry,3
1705,instrumental analysis,3
1706,summary reports,3
1707,risk measurement,3
1708,financial engineering,3
1709,production processes,3
1710,client focus,3
1711,profit sharing,3
1712,critical systems,3
1713,test environments,3
1714,data retention,3
1715,crf design,3
1716,low latency,3
1717,design techniques,3
1718,budget preparation,3
1719,in vivo,3
1720,lifelong learning,3
1721,large groups,3
1722,media planning,3
1723,retirement planning,3
1724,microsoft dynamics,3
1725,project governance,3
1726,systematic reviews,3
1727,cluster analysis,3
1728,optimization models,3
1729,data streaming,3
1730,data presentation,3
1731,game development,3
1732,query optimization,3
1733,financial assistance,3
1734,critical care,3
1735,sap system,3
1736,control charts,3
1737,client contact,3
1738,learning styles,3
1739,development work,3
1740,sales & marketing,3
1741,scientific liaison,3
1742,speech analytics,3
1743,management review,3
1744,process analysis,3
1745,budget management,3
1746,software engineers,3
1747,team performance,3
1748,regulatory capital,3
1749,web framework,3
1750,safety committee,3
1751,mass spec,3
1752,operations processes,3
1753,requirement specifications,3
1754,rapid prototyping,3
1755,mass spectrometry,3
1756,first aid,3
1757,systems management,3
1758,crystal reports,3
1759,patient support,3
1760,technology architecture,3
1761,programming concepts,3
1762,data exchange,3
1763,higher education,3
1764,progress notes,3
1765,regulatory guidelines,3
1766,hidden markov models,3
1767,customer acquisition,3
1768,information design,3
1769,public inquiries,3
1770,markov models,3
1771,data privacy,3
1772,program planning,3
1773,on-call support,3
1774,cell lines,3
1775,technical analysis,3
1776,product vision,3
1777,patient recruitment,3
1778,practice development,3
1779,large enterprise,3
1780,data architects,3
1781,production planning,3
1782,ems management,3
1783,sports teams,3
1784,process review,2
1785,sap lumira,2
1786,obfuscation,2
1787,ruby on rails,2
1788,enterprise architecture planning,2
1789,blackbaud,2
1790,super-resolution,2
1791,technical architecture,2
1792,fisher,2
1793,infection control,2
1794,administrative skills,2
1795,color,2
1796,user flows,2
1797,cron,2
1798,technical direction,2
1799,box,2
1800,computational biology,2
1801,radiology,2
1802,city management,2
1803,external audit,2
1804,multi-disciplinary teams,2
1805,multiple sites,2
1806,conflict of interest,2
1807,capital management,2
1808,marketing mix modeling,2
1809,network technologies,2
1810,apache camel,2
1811,water supply,2
1812,software design patterns,2
1813,public safety,2
1814,dbt,2
1815,technical consultation,2
1816,technical engineering,2
1817,randomization,2
1818,accounting software,2
1819,confluence,2
1820,database applications,2
1821,film,2
1822,retreats,2
1823,fire prevention,2
1824,fire service,2
1825,fire alarm,2
1826,voluntary,2
1827,industrial process,2
1828,capacity management,2
1829,job scheduling,2
1830,group meetings,2
1831,spanish,2
1832,expressions,2
1833,channel readiness,2
1834,encryption,2
1835,digital assets,2
1836,state estimation,2
1837,molecular biology,2
1838,time evaluation,2
1839,site execution,2
1840,robot,2
1841,accreditation,2
1842,information solutions,2
1843,unified communications,2
1844,cancer,2
1845,regression analysis,2
1846,hp service manager,2
1847,earthworks,2
1848,force management,2
1849,gas,2
1850,demand management,2
1851,force development,2
1852,switches,2
1853,one-on-one,2
1854,environmental management systems,2
1855,tracker,2
1856,equipment repair,2
1857,greenhouse gas,2
1858,search engines,2
1859,data coordination,2
1860,paas,2
1861,linear regression,2
1862,training workshops,2
1863,si,2
1864,particle,2
1865,x-ray,2
1866,pharmaceuticals,2
1867,dynamic data,2
1868,vulnerability management,2
1869,incident response,2
1870,scenario analysis,2
1871,infrastructure solutions,2
1872,greenhouse,2
1873,platinum,2
1874,data centers,2
1875,ftp,2
1876,user behavior,2
1877,fire protection engineering,2
1878,procedural manuals,2
1879,perseverant,2
1880,commissioning support,2
1881,portfolio managers,2
1882,embedded c,2
1883,youth work,2
1884,fatigue testing,2
1885,testability,2
1886,service work,2
1887,software as a service,2
1888,rally,2
1889,dna,2
1890,shopify,2
1891,business process automation,2
1892,export,2
1893,closures,2
1894,branding,2
1895,television,2
1896,apex,2
1897,cell biology,2
1898,contract labor,2
1899,first nations,2
1900,custom projects,2
1901,purchase orders,2
1902,climate,2
1903,hygiene,2
1904,health systems,2
1905,stressful situations,2
1906,high performer,2
1907,system installations,2
1908,quantum computing,2
1909,tender,2
1910,image search,2
1911,consumer behavior,2
1912,responsive design,2
1913,instructors,2
1914,microsoft applications,2
1915,blueprint,2
1916,kpi reports,2
1917,ada guidelines,2
1918,professional conduct,2
1919,indeed,2
1920,vs,2
1921,reporting systems,2
1922,design for manufacturing,2
1923,ged,2
1924,data access,2
1925,engineering drawings,2
1926,p&c insurance,2
1927,machine design,2
1928,strategic account,2
1929,ema,2
1930,visual basic,2
1931,operations control,2
1932,wordpress,2
1933,mockups,2
1934,printing,2
1935,maven,2
1936,directors,2
1937,virtual teams,2
1938,interoperability,2
1939,performance testing,2
1940,script writing,2
1941,enrichment,2
1942,data administration,2
1943,energy star,2
1944,actuarial exams,2
1945,data reporting,2
1946,failure analysis,2
1947,public education,2
1948,extensions,2
1949,urban,2
1950,health research,2
1951,evaluations,2
1952,metadata management,2
1953,graphing,2
1954,adobe experience,2
1955,mobile application development,2
1956,adobe experience manager,2
1957,global health,2
1958,entity extraction,2
1959,qualitative research,2
1960,media strategy,2
1961,childhood,2
1962,system solutions,2
1963,release notes,2
1964,financial forecasting,2
1965,analyze information,2
1966,free software,2
1967,infrastructure management,2
1968,g2,2
1969,aseptic technique,2
1970,medline,2
1971,inventory system,2
1972,smarts,2
1973,linked data,2
1974,vast,2
1975,team development,2
1976,synergies,2
1977,tactical asset allocation,2
1978,media research,2
1979,fcs,2
1980,notification,2
1981,young people,2
1982,tracking systems,2
1983,housing development,2
1984,maternity,2
1985,critical infrastructure,2
1986,document creation,2
1987,sap businessobjects,2
1988,technology consulting,2
1989,policy compliance,2
1990,learning management,2
1991,economic research,2
1992,adobe professional,2
1993,inflammation,2
1994,scientific programming,2
1995,parallel programming,2
1996,forwarding,2
1997,relief,2
1998,succession planning,2
1999,mobile applications,2
2000,mandates,2
2001,google data studio,2
2002,redux,2
2003,project design,2
2004,passenger,2
2005,sme,2
2006,terminal,2
2007,handle multiple priorities,2
2008,asp.net,2
2009,immunology,2
2010,purchase contracts,2
2011,learning management systems,2
2012,budget control,2
2013,executing events,2
2014,tomcat,2
2015,s&p,2
2016,energy storage,2
2017,close-out,2
2018,latin,2
2019,repository,2
2020,financial risk,2
2021,sprint planning,2
2022,financial results,2
2023,aec,2
2024,game design,2
2025,resiliency,2
2026,blockchain,2
2027,lean principles,2
2028,power generation,2
2029,graphs,2
2030,primary research,2
2031,stakeholder engagement,2
2032,applied research,2
2033,redundant systems,2
2034,requirements engineering,2
2035,electronics,2
2036,mosaics,2
2037,raid,2
2038,data warehouse architecture,2
2039,payroll processing,2
2040,financial concepts,2
2041,financial education,2
2042,onix,2
2043,multi-tenant,2
2044,catalogue,2
2045,cp,2
2046,regulatory approvals,2
2047,core foundation,2
2048,meeting facilitation,2
2049,hp,2
2050,diverse groups,2
2051,workstation,2
2052,working with clients,2
2053,system monitoring,2
2054,forging,2
2055,statutes,2
2056,requirements workshops,2
2057,service optimization,2
2058,flat files,2
2059,axis,2
2060,executive level management,2
2061,vendor audit,2
2062,public policy,2
2063,supplier negotiation,2
2064,global sales,2
2065,supply chain optimization,2
2066,employment standards,2
2067,terrorist financing,2
2068,tutoring,2
2069,shuttle service,2
2070,product strategy,2
2071,competitive landscape,2
2072,data dictionary,2
2073,ceremonies,2
2074,vue.js,2
2075,patient registration,2
2076,solvency,2
2077,biometrics,2
2078,supplier relationship management,2
2079,managed services,2
2080,antivirus,2
2081,continuum,2
2082,audit trail,2
2083,electricity,2
2084,powershell,2
2085,primary care physicians,2
2086,medical education,2
2087,program improvement,2
2088,p&l management,2
2089,inorganic chemistry,2
2090,behavior change,2
2091,entitlements,2
2092,hospitals,2
2093,product lines,2
2094,interviewing,2
2095,food industry,2
2096,facts,2
2097,terminal services,2
2098,airline,2
2099,reinsurance,2
2100,maturity assessments,2
2101,aml,2
2102,extreme programming,2
2103,design tools,2
2104,cooking,2
2105,system specification,2
2106,policy research,2
2107,data curation,2
2108,camp,2
2109,database tools,2
2110,product specification,2
2111,defense,2
2112,product training,2
2113,dmpk,2
2114,individual development,2
2115,commerce,2
2116,system maintenance,2
2117,recovery planning,2
2118,garden,2
2119,assistants,2
2120,record keeping,2
2121,computational linguistics,2
2122,logging,2
2123,asset allocation,2
2124,consumables,2
2125,financial applications,2
2126,technical writing,2
2127,ibm db2,2
2128,archaeology,2
2129,front-end design,2
2130,scales,2
2131,unconventional,2
2132,commercialization,2
2133,cdisc standards,2
2134,jd edwards,2
2135,control valves,2
2136,iaas,2
2137,design of experiments,2
2138,test stand,2
2139,shop drawings,2
2140,piloting,2
2141,cold calling,2
2142,eye tracking,2
2143,buildings,2
2144,customer applications,2
2145,network administration,2
2146,open space,2
2147,labels,2
2148,compromise,2
2149,proprietary software,2
2150,redis,2
2151,development design,2
2152,ad development,2
2153,gnu make,2
2154,acute care,2
2155,embedded systems,2
2156,target audience,2
2157,return to work,2
2158,design skills,2
2159,a&p,2
2160,dynamic c,2
2161,sublime text,2
2162,adobe illustrator,2
2163,interactive media,2
2164,media software,2
2165,website graphics,2
2166,image editing,2
2167,maple,2
2168,linear programming,2
2169,groovy,2
2170,shock,2
2171,brokerage,2
2172,software engineering practices,2
2173,lifetime value,2
2174,computer technology,2
2175,regression models,2
2176,safety programs,2
2177,organ donation,2
2178,network engineering,2
2179,port management,2
2180,experimental research,2
2181,strategic relationships,2
2182,wireless lan controller,2
2183,work management,2
2184,rules engines,2
2185,bed management,2
2186,gitlab,2
2187,cebs,2
2188,loyalty programs,2
2189,instruction,2
2190,text analytics,2
2191,environmental studies,2
2192,design flow,2
2193,custom integration,2
2194,solicitation,2
2195,venue,2
2196,program analysis,2
2197,gateway,2
2198,derivatives,2
2199,health policy,2
2200,research proposals,2
2201,issue management,2
2202,hris,2
2203,photo,2
2204,medical writing,2
2205,consumer lending,2
2206,quantification,2
2207,anti-oppression,2
2208,narrative,2
2209,technical discussions,2
2210,lead development,2
2211,ama style,2
2212,specs,2
2213,oats,2
2214,medical history,2
2215,rfp,2
2216,localization,2
2217,water quality,2
2218,digital filters,2
2219,surfacing,2
2220,medical case management,2
2221,cascade,2
2222,boot,2
2223,production equipment,2
2224,drug delivery,2
2225,functional leadership,2
2226,fraud prevention,2
2227,third party vendors,2
2228,issue identification,2
2229,kinesiology,2
2230,alteryx,2
2231,medical coding,2
2232,account executives,2
2233,allocations,2
2234,cfr,2
2235,yield,2
2236,support management,2
2237,electronic media,2
2238,support systems,2
2239,abatement,2
2240,programmes,2
2241,report preparation,2
2242,professional liability,2
2243,microsoft access,2
2244,full cycle,2
2245,customer portal,2
2246,service availability,2
2247,forms development,2
2248,mechanical properties,2
2249,image analysis,2
2250,observation,2
2251,active lifestyle,2
2252,itil process,2
2253,sensitivity,2
2254,insurance claims,2
2255,technical demonstrations,2
2256,hair care,2
2257,protein characterization,2
2258,excess,2
2259,operational control,2
2260,mariadb,2
2261,meditation,2
2262,regulatory audits,2
2263,certificate management,2
2264,early childhood education,2
2265,paper,2
2266,key management,2
2267,premier,2
2268,compliance support,2
2269,web architecture,2
2270,labview,2
2271,protocol design,2
2272,pop,2
2273,consumer focus,2
2274,sensors,2
2275,test equipment,2
2276,strategic intelligence,2
2277,scipy,2
2278,couriers,2
2279,philosophy,2
2280,her,2
2281,coordinators,2
2282,one on one,2
2283,scanning,2
2284,client accounts,2
2285,kobo,2
2286,progress tracking,2
2287,computer operations,2
2288,cisco wireless,2
2289,positioning,2
2290,research design,2
2291,data network,2
2292,cisco networking,2
2293,post production,2
2294,conducting meetings,2
2295,computer networking,2
2296,data recovery,2
2297,team-focused,2
2298,sql server management studio,2
2299,mesh,2
2300,platform integration,2
2301,pressure situations,2
2302,opencv,2
2303,scheduling tools,2
2304,risk frameworks,2
2305,spring boot,2
2306,product engineering,2
2307,flow diagrams,2
2308,parameter estimation,2
2309,trace,2
2310,campaign effectiveness,2
2311,air,2
2312,ad targeting,2
2313,openings,2
2314,petty cash,2
2315,escalation process,2
2316,database optimization,2
2317,management control,2
2318,behavioral science,2
2319,cash operations,2
2320,executive reporting,2
2321,cost models,2
2322,ul,2
2323,aging reports,2
2324,sample management,2
2325,delegation,2
2326,table design,2
2327,flask,2
2328,voice of the customer,2
2329,cross-team communication,2
2330,business process design,2
2331,video games,2
2332,technical subject matter,2
2333,scientific analysis,2
2334,spotfire,2
2335,transformation programs,2
2336,taxonomy,2
2337,replication technologies,2
2338,work life balance,2
2339,feasibility studies,2
2340,product mix,2
2341,pension administration,2
2342,product testing,2
2343,sap bi,2
2344,supply chain operations,2
2345,financial performance,2
2346,high throughput,2
2347,electronic trading,2
2348,general programming,2
2349,framing,2
2350,gap analysis,2
2351,standards-based,2
2352,hr policies,2
2353,variance analysis,2
2354,fleet,2
2355,systemverilog,2
2356,aircraft,2
2357,organizational performance,2
2358,mock,2
2359,outdoors,2
2360,sql server integration services (ssis),2
2361,load management,2
2362,universities,2
2363,naming conventions,2
2364,capital adequacy,2
2365,cqi,2
2366,basel i,2
2367,basel ii,2
2368,vdi,2
2369,challenging environment,2
2370,internet of things,2
2371,customer value,2
2372,batch release,2
2373,priority setting,2
2374,enterprise systems,2
2375,fusion,2
2376,cdc,2
2377,glass,2
2378,astm,2
2379,technical operations,2
2380,financial planning,2
2381,moves management,2
2382,time tracking,2
2383,on set,2
2384,perkin elmer,2
2385,business transformation,2
2386,validation reports,2
2387,simulations,2
2388,apics,2
2389,moneris,2
2390,line of business,2
2391,wireless mesh,2
2392,relocation,2
2393,google calendar,2
2394,high pressure environment,2
2395,intellectual property,2
2396,incident investigation,2
2397,mechatronics,2
2398,tactical planning,2
2399,wired,2
2400,general public,2
2401,technical papers,2
2402,cost effective,2
2403,foot,2
2404,recalls,2
2405,sqoop,2
2406,archives,2
2407,balanced scorecard,2
2408,law enforcement,2
2409,qlikview,2
2410,unified modeling language (uml),2
2411,ion channels,2
2412,content marketing,2
2413,hyperion planning,2
2414,knowledge representation,2
2415,development operations,2
2416,coordinating meetings,2
2417,integration projects,2
2418,server configuration,2
2419,graduate level,2
2420,data classification,2
2421,meals,2
2422,information products,2
2423,pharmaceutical manufacturing,2
2424,industrial engineering,2
2425,django,2
2426,defining requirements,2
2427,system configuration,2
2428,information management solutions,2
2429,voip,2
2430,portfolio marketing,2
2431,security protocols,2
2432,solarwinds,2
2433,macro,2
2434,investors,2
2435,safety critical,2
2436,electronic payments,2
2437,usage analysis,2
2438,standard work,2
2439,interfacing,2
2440,ip vpn,2
2441,internetworking,2
2442,community engagement,2
2443,microsoft operating systems,2
2444,web pages,2
2445,c-level leadership,2
2446,high-end,2
2447,boot camp,2
2448,training manuals,2
2449,financial systems,2
2450,cloudera,2
2451,special events,2
2452,clinical practices,2
2453,report production,2
2454,software lifecycle,2
2455,design standards,2
2456,professional publications,2
2457,online presence,2
2458,event processing,2
2459,ladder,2
2460,system implementations,2
2461,visual effects,2
2462,ccnp,2
2463,business readiness,2
2464,cost management,2
2465,product life cycle,2
2466,information sharing,2
2467,government programs,2
2468,process modeling,2
2469,human factors engineering,2
2470,risk reduction,2
2471,opengl,2
2472,data loading,2
2473,site specific,2
2474,vulnerability,2
2475,toolkit,2
2476,walls,2
2477,community development,2
2478,quantitative finance,2
2479,structured finance,2
2480,mortgage insurance,2
2481,latin america,2
2482,timesheet,2
2483,team man,2
2484,celebrations,2
2485,cubicles,2
2486,office operations,2
2487,obiee,2
2488,pest,2
2489,cover letter,2
2490,data operations,2
2491,administrative tools,2
2492,operational requirements,2
2493,riverbed,2
2494,personal development,2
2495,physical data modeling,2
2496,mathematical programming,2
2497,realism,2
2498,authentication,2
2499,group benefit plans,2
2500,learn new software quickly,2
2501,server architecture,2
2502,deadline oriented,2
2503,enterprise marketing,2
2504,internal communications,2
2505,fact,2
2506,general insurance,2
2507,pet insurance,2
2508,ssl,2
2509,vault,1
2510,hats,1
2511,xen,1
2512,transmission,1
2513,self-insurance,1
2514,webpack,1
2515,swift,1
2516,genetics,1
2517,sails,1
2518,angularjs,1
2519,brick,1
2520,beam,1
2521,opencl,1
2522,openedge,1
2523,securities,1
2524,financial projection,1
2525,entertainment,1
2526,causal inference,1
2527,ansible,1
2528,ctr,1
2529,scada,1
2530,tmw,1
2531,intranet,1
2532,odd,1
2533,caa,1
2534,mobile game development,1
2535,questionnaires,1
2536,solidworks,1
2537,ontologies,1
2538,ff&e,1
2539,mainframe,1
2540,eim,1
2541,waste disposal,1
2542,meddra,1
2543,fsp,1
2544,childcare,1
2545,educational research,1
2546,travel planning,1
2547,curriculum development,1
2548,cics,1
2549,recoveries,1
2550,gpgpu,1
2551,stereoscopic,1
2552,transient,1
2553,pleasure,1
2554,scrutiny,1
2555,lidar,1
2556,cmake,1
2557,pcl,1
2558,irt,1
2559,paternity,1
2560,nutrition,1
2561,ots,1
2562,proposition,1
2563,fetch,1
2564,pulse,1
2565,liberty,1
2566,serviceability,1
2567,aggregation,1
2568,scopes,1
2569,reclamation,1
2570,digging,1
2571,metals,1
2572,ebitda,1
2573,financials,1
2574,symantec,1
2575,dlp,1
2576,websphere,1
2577,frontier,1
2578,value creation,1
2579,sds,1
2580,laravel,1
2581,finances,1
2582,calendars,1
2583,purchasing processes,1
2584,technology research,1
2585,modular,1
2586,up-selling,1
2587,attrition,1
2588,silver,1
2589,ansi,1
2590,rheumatology,1
2591,dermatology,1
2592,fits,1
2593,forward looking,1
2594,investment research,1
2595,portfolio risk,1
2596,cd,1
2597,stochastic simulation,1
2598,homer,1
2599,rman,1
2600,perception,1
2601,data dissemination,1
2602,basel iii,1
2603,compliance reporting,1
2604,internal compliance,1
2605,cisco ios,1
2606,os x,1
2607,nexus 5,1
2608,access technologies,1
2609,dynamic routing,1
2610,routing protocols,1
2611,transaction processing,1
2612,external investigations,1
2613,controllers,1
2614,interview questions,1
2615,it risk management,1
2616,google sheets,1
2617,data tracking,1
2618,payment systems,1
2619,program launch,1
2620,regulatory reporting,1
2621,waste audits,1
2622,photo editing,1
2623,ratemaking,1
2624,sign installation,1
2625,copying,1
2626,interact with all levels of management,1
2627,utility systems,1
2628,standby,1
2629,seasonal,1
2630,microsoft power bi,1
2631,direct marketing,1
2632,financial metrics,1
2633,test systems,1
2634,pre-press,1
2635,ropes,1
2636,situational awareness,1
2637,tactical plans,1
2638,brand loyalty,1
2639,driving traffic,1
2640,multi-channel marketing,1
2641,online metrics,1
2642,web traffic,1
2643,online advertising,1
2644,waste reduction,1
2645,building operations,1
2646,projection,1
2647,fonts,1
2648,cisco nexus,1
2649,mechanical systems,1
2650,enterprise account management,1
2651,removals,1
2652,classical,1
2653,finalization,1
2654,lotus,1
2655,perforce,1
2656,pk/pd,1
2657,cpim,1
2658,student groups,1
2659,boxing,1
2660,artwork,1
2661,static data,1
2662,monographs,1
2663,hubspot,1
2664,quotas,1
2665,headcount,1
2666,economic forecasting,1
2667,mint,1
2668,coordination skills,1
2669,compost,1
2670,faq,1
2671,check-in,1
2672,statistical analysis tools,1
2673,sentry,1
2674,operational execution,1
2675,franchise,1
2676,unity,1
2677,security management,1
2678,report building,1
2679,task management,1
2680,facebook ads manager,1
2681,factor analysis,1
2682,genetic algorithms,1
2683,sensitivity analysis,1
2684,database modeling,1
2685,note taking,1
2686,wraps,1
2687,kimball,1
2688,water resource engineering,1
2689,fusing,1
2690,systems programming,1
2691,posix,1
2692,geography,1
2693,questionnaire design,1
2694,techno-functional,1
2695,supplier management,1
2696,site analysis,1
2697,digital asset management,1
2698,submittals,1
2699,sage,1
2700,compliance operations,1
2701,trillium,1
2702,flow charts,1
2703,charities,1
2704,anti-spam,1
2705,peer-to-peer,1
2706,esri,1
2707,arcgis,1
2708,vee,1
2709,complaint management,1
2710,acquisitions,1
2711,divestitures,1
2712,dax,1
2713,cse,1
2714,material transfer agreements,1
2715,risk governance,1
2716,t&e,1
2717,cbp,1
2718,versioning,1
2719,histograms,1
2720,landfill,1
2721,business documentation,1
2722,parsing,1
2723,enterprise operations,1
2724,e-learning,1
2725,vascular,1
2726,charity,1
2727,microsoft dynamics crm,1
2728,metadata standards,1
2729,field inspection,1
2730,intelligence systems,1
2731,co-ops,1
2732,destructive testing,1
2733,oil,1
2734,commercial buildings,1
2735,appeals,1
2736,pars,1
2737,collaborative filtering,1
2738,nuclear,1
2739,trimble,1
2740,audit committee,1
2741,nav,1
2742,ids,1
2743,rfm,1
2744,diversification,1
2745,power tools,1
2746,field service,1
2747,source engine,1
2748,systems biology,1
2749,technology change management,1
2750,google api,1
2751,psurs,1
2752,mws,1
2753,application configuration,1
2754,report writers,1
2755,hacking,1
2756,hard drives,1
2757,windows 10,1
2758,influence others,1
2759,commercial banking,1
2760,large-scale data analysis,1
2761,commission,1
2762,cap,1
2763,epr,1
2764,econometric modeling,1
2765,dimensionality reduction,1
2766,espresso,1
2767,tsys,1
2768,organizational psychology,1
2769,selenium,1
2770,cross-training,1
2771,legal education,1
2772,commodity,1
2773,categorization,1
2774,visual storytelling,1
2775,youtube,1
2776,twitter,1
2777,instagram,1
2778,react.js,1
2779,transcription,1
2780,feature extraction,1
2781,consumer electronics,1
2782,medical technology,1
2783,prognosis,1
2784,trusted business advisor,1
2785,tfsa,1
2786,engineering analysis,1
2787,functional programming,1
2788,erwin,1
2789,essbase,1
2790,multi-touch,1
2791,readability,1
2792,beta,1
2793,drp,1
2794,gnu/linux,1
2795,baselines,1
2796,vending,1
2797,amenities,1
2798,bullet,1
2799,storyline,1
2800,workgroups,1
2801,discerning,1
2802,fitting,1
2803,async,1
2804,yeast,1
2805,sitecore,1
2806,jeans,1
2807,plants,1
2808,problem framing,1
2809,geomatics,1
2810,monetization,1
2811,erosion,1
2812,database monitoring,1
2813,reuse,1
2814,demonstration,1
2815,smartphones,1
2816,teaming,1
2817,cuda,1
2818,graphical models,1
2819,volumetric,1
2820,anticipation,1
2821,database marketing,1
2822,value stream mapping,1
2823,empirical research,1
2824,competitive analysis,1
2825,pricing strategy,1
2826,abundance,1
2827,qualitative data,1
2828,job coaching,1
2829,industrial applications,1
2830,jam,1
2831,optimizer,1
2832,observational,1
2833,appraising,1
2834,autocad,1
2835,blocking,1
2836,accident,1
2837,filters,1
2838,navigation,1
2839,vlookup,1
2840,traction,1
2841,charging,1
2842,isr,1
2843,catalyst,1
2844,chrome,1
2845,arguments,1
2846,perfusion,1
2847,compassion,1
2848,clinics,1
2849,pre-screening,1
2850,orsa,1
2851,liquidity,1
2852,kernel,1
2853,demos,1
2854,student retention,1
2855,public relations,1
2856,ltd,1
2857,assortment optimization,1
2858,restoration,1
2859,strengthening,1
2860,cantonese,1
2861,office procedures,1
2862,qsr,1
2863,summit,1
2864,pki,1
2865,decommissioning,1
2866,cisa,1
2867,grc,1
2868,yelp,1
2869,keynote,1
2870,fixing,1
2871,debate,1
2872,error analysis,1
2873,reason,1
2874,cyber,1
2875,mobile data,1
2876,operating budgets,1
2877,etiquette,1
2878,utilization management,1
2879,green belt,1
2880,d3.js,1
2881,price elasticity,1
2882,tea,1
2883,bar,1
2884,jmp,1
2885,direct3d,1
2886,html5,1
2887,cc,1
2888,crfs,1
2889,solr,1
2890,gan,1
2891,service focused,1
2892,project metrics,1
2893,personal banking,1
2894,microsoft reporting service,1
2895,analytical software,1
2896,model building,1
2897,business media,1
2898,pmi,1
2899,joint ventures,1
2900,network systems,1
2901,business software,1
2902,print production,1
2903,adaptive learning,1
2904,officers,1
2905,tutorials,1
2906,in situ,1
2907,tech-savvy,1
2908,autodesk,1
2909,docs,1
2910,veeva,1
2911,enzyme assays,1
2912,telerik,1
2913,winforms,1
2914,journals,1
2915,scientific review,1
2916,classification systems,1
2917,crest,1
2918,kofax,1
2919,home visits,1
2920,fundamental analysis,1
2921,security devices,1
2922,remote troubleshooting,1
2923,conservation,1
2924,project based,1
2925,scientific reports,1
2926,food packaging,1
2927,design workshops,1
2928,hcp,1
2929,event driven,1
2930,dairy products,1
2931,food chemistry,1
2932,food processing,1
2933,federal government,1
2934,government experience,1
2935,bootstrapping,1
2936,lgd,1
2937,manual dexterity,1
2938,hazard analysis,1
2939,adobe marketing cloud,1
2940,sequel,1
2941,walkthroughs,1
2942,mailboxes,1
2943,insync,1
2944,cultivation,1
2945,bluetooth low energy,1
2946,technical process,1
2947,go-to-market strategy,1
2948,adaptation,1
2949,combinatorics,1
2950,diet,1
2951,email strategy,1
2952,strategic business initiatives,1
2953,dell,1
2954,opportunity assessment,1
2955,complex analysis,1
2956,geometry,1
2957,parse,1
2958,lightspeed,1
2959,oma,1
2960,accessioning,1
2961,early warning,1
2962,large-scale projects,1
2963,subsidiaries,1
2964,seating,1
2965,communication equipment,1
2966,department stores,1
2967,statistical inference,1
2968,peer reviews,1
2969,architectural review,1
2970,client prospecting,1
2971,consumer products,1
2972,industrial products,1
2973,weightlifting,1
2974,technical solution design,1
2975,integrated systems,1
2976,store communications,1
2977,store systems,1
2978,interface specification,1
2979,software integration,1
2980,stat,1
2981,vaccines,1
2982,linear algebra,1
2983,web application development,1
2984,technology start-up,1
2985,license management,1
2986,neo4j,1
2987,casualty insurance,1
2988,visual analytics,1
2989,impurities,1
2990,glm,1
2991,new hires,1
2992,geology,1
2993,entrepreneurship,1
2994,life cycle planning,1
2995,traders,1
2996,analysis reports,1
2997,media & entertainment,1
2998,global reporting,1
2999,sustainability reporting,1
3000,climate change,1
3001,automata,1
3002,xslt,1
3003,default,1
3004,cli,1
3005,tweaking,1
3006,cucumber,1
3007,system software,1
3008,modernization,1
3009,openshift,1
3010,system architects,1
3011,cabling,1
3012,technical application,1
3013,nielsen,1
3014,commercial facilities,1
3015,going the extra mile,1
3016,openstack,1
3017,market analysis,1
3018,building management,1
3019,interaction design,1
3020,fine art,1
3021,cardiac cath,1
3022,cubes,1
3023,equity swaps,1
3024,interest rate swaps,1
3025,charles river ims,1
3026,simcorp dimension,1
3027,white space analysis,1
3028,purchase requisitions,1
3029,development of promotional materials,1
3030,approval process,1
3031,checklists,1
3032,binders,1
3033,phase i environmental site assessments,1
3034,water sampling,1
3035,site work,1
3036,consensus building,1
3037,compliance assessments,1
3038,system control,1
3039,audit reports,1
3040,vui design,1
3041,quality assurance review,1
3042,fast food,1
3043,esb,1
3044,contamination,1
3045,network connectivity,1
3046,productivity software,1
3047,electrophoresis,1
3048,discrete,1
3049,insight generation,1
3050,chromatography,1
3051,rtc,1
3052,tax compliance,1
3053,erp software,1
3054,great plains,1
3055,employer branding,1
3056,get along well with others,1
3057,health fairs,1
3058,sign production,1
3059,plastics industry,1
3060,privacy compliance,1
3061,unbiased,1
3062,acrobat,1
3063,remarketing,1
3064,drive train,1
3065,digital imaging,1
3066,office solutions,1
3067,organizational capabilities,1
3068,freedom of information,1
3069,privacy act,1
3070,willow,1
3071,deviation management,1
3072,global operations,1
3073,writers,1
3074,fda gmp,1
3075,compliance management,1
3076,product manufacturing,1
3077,organizational agility,1
3078,regulatory standards,1
3079,problem analysis,1
3080,cfre,1
3081,built environment,1
3082,shopping,1
3083,multi-functional,1
3084,data reduction,1
3085,figma,1
3086,market access,1
3087,quota setting,1
3088,brand perception,1
3089,secondary market,1
3090,information research,1
3091,sharepoint server,1
3092,pipe,1
3093,information gathering,1
3094,broadband access,1
3095,message broker,1
3096,computational analysis,1
3097,information extraction,1
3098,seo audits,1
3099,public libraries,1
3100,hr management,1
3101,standards compliance,1
3102,sales operations,1
3103,bayesian inference,1
3104,risk metrics,1
3105,customer intimacy,1
3106,laboratory techniques,1
3107,corporate social responsibility,1
3108,caregivers,1
3109,program monitoring,1
3110,genomics,1
3111,distributed architecture,1
3112,sc,1
3113,database searching,1
3114,project reviews,1
3115,revenue recognition,1
3116,line management,1
3117,integrative,1
3118,project management software,1
3119,oracle clinical,1
3120,budgeting & forecasting,1
3121,conference presentations,1
3122,multivariate analysis,1
3123,fault isolation,1
3124,ip addressing,1
3125,ee,1
3126,stomp,1
3127,technology transfer,1
3128,technical audits,1
3129,forest,1
3130,excel models,1
3131,multiple therapeutic areas,1
3132,dexterity,1
3133,mail distribution,1
3134,environmental services,1
3135,electronic filing,1
3136,aoda,1
3137,audience segmentation,1
3138,delivering workshops,1
3139,brand strategy,1
3140,culture change,1
3141,risk budgeting,1
3142,investment performance,1
3143,performance attribution,1
3144,technical ability,1
3145,npm,1
3146,apache kafka,1
3147,actuarial consulting,1
3148,business process improvement,1
3149,annual budgets,1
3150,grand ma,1
3151,traditional media,1
3152,renewals,1
3153,start-ups,1
3154,gears,1
3155,center of excellence,1
3156,kol,1
3157,formulary,1
3158,health economics,1
3159,international conferences,1
3160,retail brokerage,1
3161,transactional systems,1
3162,factoring,1
3163,sql server reporting services (ssrs),1
3164,statistica,1
3165,writer,1
3166,customer retention,1
3167,funnel optimization,1
3168,paid media,1
3169,sales enablement,1
3170,polymers,1
3171,operational planning,1
3172,it transformation,1
3173,mocha,1
3174,business integrity,1
3175,user-centered design,1
3176,digital publishing,1
3177,invoicing,1
3178,commentaries,1
3179,laboratory information management system (lims),1
3180,adobe creative cloud,1
3181,creative cloud,1
3182,cmo,1
3183,marketo,1
3184,sizing,1
3185,nexus,1
3186,workspace,1
3187,eclectic,1
3188,mitigation strategies,1
3189,greenplum,1
3190,online content,1
3191,transceivers,1
3192,style guides,1
3193,functional support,1
3194,urban planning,1
3195,digital communication,1
3196,web standards,1
3197,industrial experience,1
3198,relationship development,1
3199,signs,1
3200,biotechnology industry,1
3201,creative executions,1
3202,c suite,1
3203,ad serving,1
3204,building owners,1
3205,biomass,1
3206,key opinion leaders,1
3207,team training,1
3208,systems modeling,1
3209,new leads,1
3210,ims data,1
3211,campaign management,1
3212,media agencies,1
3213,keyword research,1
3214,front-end web development,1
3215,site migration,1
3216,customer analysis,1
3217,application monitoring,1
3218,optimizely,1
3219,captivate,1
3220,business sale,1
3221,coe,1
3222,socio-economic,1
3223,system testing,1
3224,impact assessment,1
3225,structured analysis,1
3226,test management,1
3227,psm,1
3228,digital services,1
3229,physical design,1
3230,application frameworks,1
3231,iterative design,1
3232,test suites,1
3233,knowledge management,1
3234,population health,1
3235,spatial epidemiology,1
3236,self-directed learning,1
3237,oracle designer,1
3238,control testing,1
3239,advisory boards,1
3240,speaker programs,1
3241,site initiation,1
3242,graphic design software,1
3243,hr analytics,1
3244,sales plan,1
3245,spreadsheet server,1
3246,opportunity identification,1
3247,object detection,1
3248,analytic problem solving,1
3249,linux server,1
3250,scopes of work,1
3251,executive team member,1
3252,trading floor,1
3253,quality assurance processes,1
3254,technically competent,1
3255,money market,1
3256,logic pro,1
3257,parent communication,1
3258,water industry,1
3259,light rail,1
3260,life support,1
3261,experimental psychology,1
3262,ui automation,1
3263,difficult situations,1
3264,video conferencing,1
3265,harvesting,1
3266,chrome extensions,1
3267,drafting correspondence,1
3268,analytical techniques,1
3269,rfx process,1
3270,raspberry pi,1
3271,reliability test,1
3272,personal development plans,1
3273,design optimization,1
3274,clinical analytics,1
3275,control theory,1
3276,imaging services,1
3277,optimization strategies,1
3278,logic programming,1
3279,mobile apps,1
3280,spend analysis,1
3281,google drive,1
3282,precious metals,1
3283,influence without authority,1
3284,cognitive science,1
3285,regulatory development,1
3286,convenience stores,1
3287,matrix management,1
3288,enterprise security,1
3289,ground transportation,1
3290,task execution,1
3291,data guard,1
3292,shelf life,1
3293,security certification,1
3294,organizational effectiveness,1
3295,food quality,1
3296,software analysis,1
3297,attendance management,1
3298,time reporting,1
3299,gatekeeper,1
3300,process efficiency,1
3301,electric vehicles,1
3302,information search,1
3303,shop floor,1
3304,long-term care,1
3305,hardware development,1
3306,workplace transformation,1
3307,log shipping,1
3308,query writing,1
3309,trading desk,1
3310,api testing,1
3311,system applications,1
3312,pension funds,1
3313,behavior analysis,1
3314,custom objects,1
3315,socket programming,1
3316,patient advocacy,1
3317,oncology clinical research,1
3318,platform architecture,1
3319,solution focused,1
3320,sales process,1
3321,infrastructure technologies,1
3322,articulate storyline,1
3323,legacy systems,1
3324,product distribution,1
3325,treatment planning,1
3326,parent coaching,1
3327,data coding,1
3328,traffic engineering,1
3329,remote access,1
3330,safety case,1
3331,grant administration,1
3332,scientific writing,1
3333,capacity building,1
3334,desktop operating systems,1
3335,directory services,1
3336,enterprise networking,1
3337,market share,1
3338,data intelligence,1
3339,third party applications,1
3340,hardware solutions,1
3341,site management,1
3342,domain modeling,1
3343,digital engagement,1
3344,contingency planning,1
3345,econometrics,1
3346,orm tools,1
3347,client correspondence,1
3348,manual development,1
3349,working at height,1
3350,vision insurance,1
3351,sports nutrition,1
3352,social issues,1
3353,construction drawings,1
3354,community mental health,1
3355,information visualization,1
3356,sales direct,1
3357,functional analysis,1
3358,digital channels,1
3359,web metrics,1
3360,building new business,1
3361,application servers,1
3362,safety meetings,1
3363,system automation,1
3364,frame,1
3365,building trust,1
3366,technical vision,1
3367,biomedical engineering,1
3368,simulation software,1
3369,positive work environment,1
3370,enterprise development,1
3371,cash management,1
3372,hl7 standards,1
3373,collaborative networks,1
3374,crisis stabilization,1
3375,grant writing,1
3376,web servers,1
3377,program development,1
3378,workbench,1
3379,customer interaction,1
3380,strategic design,1
3381,email marketing,1
3382,group policy,1
3383,campaign performance analysis,1
3384,horses,1
3385,telecommunications marketing,1
3386,post campaign analysis,1
3387,family law,1
3388,income tax act,1
3389,organizational culture,1
3390,ansi sql,1
3391,job placements,1
3392,strategic investment,1
3393,portion control,1
3394,cost control,1
3395,development control,1
3396,training & development,1
3397,solution development,1
3398,symposia,1
3399,mental health assessment,1
3400,clinical care,1
3401,stability programs,1
3402,ic packaging,1
3403,volatility,1
3404,omniture,1
3405,tags,1
3406,test planning,1
3407,data sheets,1
3408,vmware vsphere,1
3409,server technologies,1
3410,report development,1
3411,embedded linux,1
3412,daily operations,1
3413,mac os,1
3414,entity framework,1
3415,product support,1
3416,hosted services,1
3417,border management,1
3418,retention programs,1
3419,exceptional project management skills,1
3420,analytical equipment,1
3421,data-driven decision making,1
3422,sales skills,1
3423,functional configuration,1
3424,coffee shops,1
3425,network infrastructure,1
3426,software development tools,1
3427,b2b marketing,1
3428,teradata sql,1
3429,hazard recognition,1
3430,server admin,1
3431,survey design,1
3432,linux application development,1
3433,it infrastructure operations,1
3434,business license,1
3435,team problem solving,1
3436,contractual agreements,1
3437,parks,1
3438,safety culture,1
3439,reliability engineering,1
3440,ion,1
3441,safety critical software,1
3442,monitoring services,1
3443,global governance,1
3444,operational activities,1
3445,liberal arts,1
3446,test execution,1
3447,windows xp,1
3448,progress billing,1
3449,business perspective,1
3450,windows ce,1
3451,advising clients,1
3452,solution implementation,1
3453,ohsas 18001,1
3454,corrective maintenance,1
3455,confocal microscopy,1
3456,massage therapy,1
3457,international growth,1
3458,elder care,1
3459,new product ideas,1
3460,coolers,1
3461,supplier evaluation,1
3462,equipment qualification,1
3463,geotechnical engineering,1
3464,clear vision,1
3465,risk models,1
3466,mechanical work,1
3467,ccrp,1
3468,implementation plans,1
3469,nuclear safety,1
3470,leadership training,1
3471,emergency situations,1
3472,mapping software,1
3473,service improvement,1
3474,ecrf,1
3475,android sdk,1
3476,patient safety,1
3477,compliance procedures,1
3478,inspectors,1
3479,physical asset management,1
3480,drug accountability,1
3481,liquidity risk,1
3482,workforce management,1
3483,code of ethics,1
3484,knowledge sharing,1
3485,application security,1
3486,brush,1
3487,security audits,1
3488,renewable energy,1
3489,new installation,1
3490,enterprise risk management,1
3491,travel systems,1
3492,media engagement,1
3493,cloud security,1
3494,fortune 500,1
3495,contractual obligations,1
3496,medication administration,1
3497,patient satisfaction,1
3498,service operations,1
3499,gps,1
3500,central lines,1
3501,big data analytics,1
3502,budget process,1
3503,storage solutions,1
3504,civil engineering,1
3505,industry training,1
3506,group discussions,1
3507,visit,1
3508,android development,1
3509,health & safety legislation,1
3510,trusted business partner,1
3511,complex transactions,1
3512,client visits,1
3513,iso standards,1
3514,business process analysis,1
3515,enterprise communications,1
3516,cyber security,1
3517,environmental protection,1
3518,safety management systems,1
3519,site identification,1
3520,strategy building,1
3521,brand equity,1
3522,traceability matrix,1
3523,requirements traceability,1
3524,systems engineering,1
3525,customer communication,1
3526,recovery strategies,1
3527,service-oriented architecture (soa),1
3528,information modeling,1
3529,component architecture,1
3530,star schema,1
3531,analyst notebook,1
3532,data strategies,1
3533,pipeline development,1
3534,embedded software,1
3535,study reports,1
3536,iso 13485,1
3537,patient education,1
3538,patient education materials,1
3539,trade shows,1
3540,shopper marketing,1
3541,modeling languages,1
3542,technical communication,1
3543,delivery of projects,1
3544,business savvy,1
3545,scientific papers,1
3546,amazon sqs,1
3547,modern languages,1
3548,kimball methodology,1
3549,api development,1
3550,team environments,1
3551,development models,1
3552,data-driven marketing,1
3553,consumer insight,1
3554,corporate risk,1
3555,infrastructure optimization,1
3556,ota,1
3557,wire,1
3558,savings accounts,1
3559,quality processes,1
3560,protocol development,1
3561,reverse engineering,1
3562,pipes,1
3563,software industry,1
3564,roi optimization,1
3565,equity management,1
3566,value propositions,1
3567,product concept,1
3568,quality procedures,1
3569,payment cards,1
3570,credit scoring,1
3571,collaborative style,1
3572,solution-oriented,1
3573,peer relationships,1
3574,market profile,1
3575,gfsi,1
3576,digital trends,1
3577,bacteriology,1
3578,booking systems,1
3579,educational workshops,1
3580,enterpriseone,1
3581,certificates of insurance,1
3582,software development methodologies,1
3583,chemical processing,1
3584,gross margin,1
3585,analytical instruments,1
3586,google tag manager,1
3587,customer events,1
3588,user management,1
3589,working model,1
3590,non-functional testing,1
3591,tissue culture,1
3592,process integration,1
3593,mobile games,1
3594,free to play,1
3595,game design documents,1
3596,organizational design,1
3597,erosion control,1
3598,pay for performance,1
3599,quality measures,1
3600,lead generation,1
3601,program assessment,1
3602,environmental issues,1
3603,gas accounting,1
3604,websphere application server,1
3605,community of practice,1
3606,customer research,1
3607,metrics driven,1
3608,exploratory research,1
3609,card access,1
3610,relational data modeling,1
3611,community banking,1
3612,behavior based safety,1
3613,media production,1
3614,human capital management,1
3615,networking protocol,1
3616,infectious diseases,1
3617,visual editing,1
3618,virtual collaboration,1
3619,unreal engine,1
3620,online payment,1
3621,spring framework,1
3622,product complaints,1
3623,collaboration solutions,1
3624,engineering process,1
3625,enterprise content management,1
3626,clinical quality,1
3627,risk management plans,1
3628,task force,1
3629,bending,1
3630,legal requirements,1
3631,ad optimization,1
3632,product optimization,1
3633,merging,1
3634,web projects,1
3635,karma,1
3636,graphql,1
3637,media events,1
3638,lamps,1
3639,neo,1
3640,stabilization,1
3641,cae,1
3642,wearables,1
3643,fitness center,1
3644,medical office,1
3645,patient scheduling,1
3646,lsi,1
3647,centricity,1
3648,development testing,1
3649,user documentation,1
3650,rust,1
3651,computer language,1
3652,job matching,1
3653,rid,1
3654,client orientation,1
3655,craftsmanship,1
3656,enterprise asset management,1
3657,operational assessment,1
3658,product presentation,1
3659,media pro,1
3660,biomarker development,1
3661,product lifecycle management,1
3662,desktop imaging,1
3663,field mapping,1
3664,level iii,1
3665,finding opportunities,1
3666,ion exchange,1
3667,award winner,1
3668,level 1 & 2,1
3669,tender submissions,1
3670,domain registration,1
3671,test coverage,1
3672,foundation level,1
3673,qlik sense,1
3674,solvency ii,1
3675,team spirit,1
3676,pharmaceutical research,1
3677,personal drive,1
3678,management accounting,1
3679,functional training,1
3680,strategic business direction,1
3681,commercial focus,1
3682,bi publisher,1
3683,non-violent crisis intervention,1
3684,capital forecasting,1
3685,product sampling,1
3686,physical inventory,1
3687,design control,1
3688,immunofluorescence,1
3689,online business,1
3690,regulatory projects,1
3691,developmental disabilities,1
3692,personal support,1
3693,application packaging,1
3694,mammalian,1
3695,compounding,1
3696,crisis intervention training,1
3697,crm software,1
3698,customer relationship management (crm),1
3699,digital signatures,1
3700,database scripting,1
3701,adobe acrobat,1
3702,consultations,1
3703,focus groups,1
3704,priority management,1
3705,proteomics,1
3706,xbox,1
3707,console,1
3708,atlassian,1
3709,process auditing,1
3710,firewall,1
3711,testers,1
3712,doors,1
3713,buy-in,1
3714,asq,1
3715,redcap,1
3716,computer systems analysis,1
3717,telemetry,1
3718,environmental law,1
3719,pre-launch,1
3720,csh,1
3721,matplotlib,1
3722,qsar,1
3723,fingerprinting,1
3724,cheminformatics,1
3725,ssh,1
3726,ubuntu,1
3727,sdi,1
3728,stocking,1
3729,balance sheet,1
3730,cash flow statements,1
3731,dicom,1
3732,new trends,1
3733,impax,1
3734,client/server,1
3735,mdr,1
3736,volunteering,1
3737,periscope,1
3738,information security governance,1
3739,self-confidence,1
3740,environmental reports,1
3741,browsers,1
3742,friction,1
3743,restructuring,1
3744,fips,1
3745,chairs,1
3746,fluorescence microscopy,1
3747,safety compliance,1
3748,radiography,1
3749,diva,1
3750,unifi,1
3751,lubricants,1
3752,powerhouse,1
3753,in the news,1
3754,import,1
3755,teamcity,1
3756,siebel,1
3757,front-end coding,1
3758,smartphone,1
3759,developmental,1
3760,blogging,1
3761,realization,1
3762,batch processing,1
3763,creative agency,1
3764,cms,1
3765,asana,1
3766,risk analysis,1
3767,environmental control,1
3768,iis,1
3769,asap,1
3770,skin,1
3771,successfactors,1
3772,service level management,1
3773,masslynx,1
3774,cosmetics,1
3775,petroleum,1
3776,competitive advantage,1
3777,distillation,1
3778,delve,1
3779,holidays,1
3780,dmp,1
3781,operating efficiencies,1
3782,dds,1
3783,csst,1
3784,linear models,1
3785,biocompatibility,1
3786,extrusion,1
3787,ltv,1
3788,casing,1
3789,commercial real estate,1
3790,at-risk,1
3791,integration testing,1
3792,pest control,1
3793,re-engineering,1
3794,apollo,1
3795,product demonstration,1
3796,academic writing,1
3797,loss prevention,1
3798,virtual machines,1
3799,ubuntu server,1
3800,molecular genetics,1
3801,linguistics,1
3802,user experience design,1
3803,user scenarios,1
3804,physiology,1
3805,it portfolio,1
3806,tpd,1
3807,incentive programs,1
3808,special programs,1
3809,data audit,1
3810,media finance,1
3811,private sales,1
3812,xbox one,1
3813,bonus programs,1
3814,mrc,1
3815,small office,1
3816,new client implementation,1
3817,molecular dynamics,1
3818,system setup,1
3819,iso/ts 16949,1
3820,in vitro,1
3821,client delivery,1
3822,technology commercialization,1
3823,business travel,1
3824,deployment planning,1
3825,personal touch,1
3826,policies & procedures,1
3827,cloud development,1
3828,infographics,1
3829,batch files,1
3830,canadian securities course,1
3831,fun at work,1
3832,software consulting,1
3833,unreal editor,1
3834,version control tools,1
3835,hands-on technical leadership,1
3836,protein expression,1
3837,video editing,1
3838,visual design,1
3839,self-management,1
3840,lotus notes,1
3841,compatibility testing,1
3842,software as a service (saas),1
3843,formulation chemistry,1
3844,policy management,1
3845,common criteria,1
3846,fips 140-2,1
3847,trusted computing,1
3848,mergers & acquisitions,1
3849,business process re-engineering,1
3850,kpi dashboards,1
3851,cash collection,1
3852,modeling and simulation,1
3853,tableau software,1
3854,business casing,1
3855,disinfection,1
3856,what-if analysis,1
3857,risk systems,1
3858,leaf,1
3859,standards of practice,1
3860,rational change,1
3861,annual planning,1
3862,donor management,1
3863,particle size,1
3864,electronic forms,1
3865,data representation,1
3866,regulated industry,1
3867,drug design,1
3868,vectors,1
3869,case management services,1
3870,iso 9001,1
3871,product specialists,1
3872,amazon redshift,1
3873,operations improvement,1
3874,physical testing,1
3875,flawless execution,1
3876,data transmission,1
3877,internet software,1
3878,patch management,1
3879,interactive experience,1
3880,tracking solutions,1
3881,cross-functional collaborations,1
3882,biohazard,1
3883,iata,1
3884,heuristic evaluation,1
3885,management professional,1
3886,process enhancement,1
3887,drive results,1
3888,live action,1
3889,allied health,1
3890,bmc control-m,1
3891,database servers,1
3892,cross-functional initiatives,1
3893,cross functional relationships,1
3894,database security,1
3895,routine maintenance,1
3896,poster presentations,1
3897,fortune 100,1
3898,internet explorer,1
3899,government agencies,1
3900,game theory,1
3901,database testing,1
3902,environmental remediation,1
3903,software quality assurance,1
3904,organic growth,1
3905,test scenarios,1
3906,heavy equipment,1
3907,business workflows,1
3908,react native,1
3909,venipuncture,1
3910,parallel computing,1
3911,innovation development,1
3912,electronic medical record (emr),1
3913,regulatory documentation,1
3914,solution delivery,1
3915,drug discovery,1
3916,protein chemistry,1
3917,product categories,1
3918,manufacturing systems,1
3919,software deployment,1
3920,mobile devices,1
3921,statistical consulting,1
3922,agile leadership,1
3923,career skills,1
3924,short films,1
3925,custom software,1
3926,offline marketing,1
3927,process descriptions,1
3928,equipment selection,1
3929,success stories,1
3930,case studies,1
3931,procedural documentation,1
3932,data sharing,1
3933,press releases,1
3934,activity diagrams,1
3935,public affairs,1
3936,monitoring progress,1
3937,sharepoint online,1
3938,health information systems,1
3939,production readiness,1
3940,macintosh,1
3941,electricity markets,1
3942,criminal records,1
3943,product analysis,1
3944,pilot plant,1
3945,ibm mainframe,1
3946,technical investigations,1
3947,geographic information systems (gis),1
3948,code design,1
3949,core banking,1
3950,organizational charts,1
3951,construction law,1
3952,microsoft project,1
3953,business center,1
3954,dynamics nav,1
3955,conference logistics,1
3956,microsoft dynamics nav,1
3957,contaminated sites,1
3958,cardiac rehabilitation,1
3959,digital production,1
3960,video production,1
3961,print media,1
3962,dynamic programming,1
3963,software projects,1
3964,accounting standards,1
3965,tax credits,1
3966,sensory evaluation,1
3967,retail audit,1
3968,mature market,1
3969,linkedin learning,1
3970,control room,1
3971,transient stability,1
3972,security analysis,1
3973,settlement services,1
3974,chemicals,1
3975,industrial hygiene,1
3976,quarterly reporting,1
3977,project communications,1
3978,financial support,1
